,WC,TR,P=0_01
0,1000357.4743332863,359652.76910734177,101999.9781961441
