WC,TR,P=0_01
1000357.47433329,359652.769107342,101999.978196144
